Order_ID,Order_Date,Customer,Region,Category,Product,Quantity,Unit_Price,Salesperson,Revenue,Month
1,2025-10-18,Michael,West,Groceries,Oil,1.0,953.0,Kiran,953.0,October
2,2025-04-14,David,North,Electronics,Mobile,7.0,8247.0,Amit,57729.0,April
3,2025-11-17,Michael,South,Furniture,Chair,10.0,16881.0,Pooja,168810.0,November
4,2025-03-01,William,East,Furniture,Desk,2.0,4511.0,Rahul,9022.0,March
5,2025-07-30,Alice,North,Groceries,Milk,2.0,153.0,Sneha,306.0,July
6,2025-04-18,Emma,North,Furniture,Unknown,1.0,8059.0,Pooja,8059.0,April
7,2025-06-29,Mia,West,Electronics,Laptop,2.0,19721.0,Rahul,39442.0,June
8,2025-08-20,Noah,East,Electronics,Monitor,10.0,41021.0,Kiran,410210.0,August
9,2025-11-07,Emma,West,Unknown,Oil,4.0,804.0,Amit,3216.0,November
10,2025-06-02,Noah,South,Furniture,Desk,5.0,19378.0,Amit,96890.0,June
11,2025-03-01,Olivia,West,Groceries,Milk,10.0,4511.0,Ravi,45110.0,March
12,2025-12-20,Daniel,South,Electronics,Laptop,3.0,29960.0,Kiran,89880.0,December
13,2025-05-10,Alice,South,Electronics,Laptop,9.0,36444.0,Ravi,327996.0,May
14,2025-11-27,William,East,Furniture,Desk,3.0,16378.0,Kiran,49134.0,November
15,2025-07-16,Olivia,West,Electronics,Unknown,3.0,21697.0,Kiran,65091.0,July
16,2025-11-17,Noah,West,Electronics,Headphones,2.0,14537.0,Rahul,29074.0,November
17,2025-08-29,Mia,North,Furniture,Cupboard,6.0,4511.0,Sneha,27066.0,August
18,2025-12-16,Olivia,East,Furniture,Desk,9.0,8977.0,Rahul,80793.0,December
19,2025-04-12,John,East,Clothing,Jeans,6.0,1272.0,Pooja,7632.0,April
20,2025-07-01,William,North,Groceries,Rice,4.0,436.0,Ravi,1744.0,July
21,2025-10-21,Unknown,South,Electronics,Keyboard,9.0,45015.0,Unknown,405135.0,October
22,2025-12-01,Daniel,South,Furniture,Desk,10.0,16227.0,Kiran,162270.0,December
23,2025-12-12,Emma,Unknown,Clothing,Shoes,7.0,2911.0,Amit,20377.0,December
24,2025-11-17,Michael,West,Furniture,Desk,5.0,5953.0,Amit,29765.0,November
25,2025-02-04,Michael,West,Unknown,Bread,3.0,117.0,Ravi,351.0,February
26,2025-03-06,Daniel,South,Clothing,Jeans,4.0,1635.0,Kiran,6540.0,March
27,2025-02-26,Alice,East,Furniture,Table,5.0,4881.0,Amit,24405.0,February
28,2025-01-26,Unknown,East,Groceries,Bread,8.0,4511.0,Kiran,36088.0,January
29,2025-10-11,William,East,Electronics,Headphones,4.0,11871.0,Kiran,47484.0,October
30,2025-01-09,Mia,North,Electronics,Monitor,4.0,35787.0,Sneha,143148.0,January
31,2025-11-12,Noah,North,Furniture,Cupboard,10.0,10015.0,Kiran,100150.0,November
32,2025-08-02,James,North,Electronics,Headphones,5.0,41354.0,Amit,206770.0,August
33,2025-08-22,Noah,South,Clothing,Shoes,1.0,391.0,Sneha,391.0,August
34,2025-08-01,Emma,West,Clothing,Shoes,7.0,3583.0,Ravi,25081.0,August
35,2025-11-08,William,Unknown,Groceries,Oil,7.0,83.0,Rahul,581.0,November
36,2025-04-27,Mia,South,Electronics,Headphones,10.0,31474.0,Pooja,314740.0,April
37,2025-06-09,James,West,Groceries,Milk,9.0,534.0,Priya,4806.0,June
38,2025-08-15,Daniel,East,Electronics,Monitor,1.0,23907.0,Amit,23907.0,August
39,2025-06-27,John,South,Electronics,Mobile,3.0,30239.0,Ravi,90717.0,June
40,2025-07-15,David,West,Groceries,Eggs,1.0,478.0,Ravi,478.0,July
41,2025-02-25,William,North,Groceries,Eggs,7.0,397.0,Priya,2779.0,February
42,2025-11-10,Sophia,South,Electronics,Monitor,7.0,42293.0,Ravi,296051.0,November
43,2025-08-23,Noah,East,Furniture,Table,9.0,2564.0,Amit,23076.0,August
44,2025-11-17,Sophia,West,Electronics,Headphones,6.0,22792.0,Kiran,136752.0,November
45,2025-03-04,William,West,Groceries,Oil,5.0,608.0,Kiran,3040.0,March
46,2025-03-26,Michael,West,Electronics,Keyboard,10.0,4511.0,Ravi,45110.0,March
47,2025-08-07,Alice,South,Electronics,Laptop,10.0,38155.0,Ravi,381550.0,August
48,2025-01-31,Sophia,East,Groceries,Milk,1.0,170.0,Kiran,170.0,January
49,2025-01-28,Olivia,West,Groceries,Eggs,9.0,777.0,Pooja,6993.0,January
50,2025-11-17,Charlotte,South,Groceries,Oil,9.0,726.0,Kiran,6534.0,November
51,2025-01-15,Noah,West,Groceries,Oil,7.0,286.0,Ravi,2002.0,January
52,2025-09-11,Unknown,West,Clothing,Jeans,5.0,755.0,Pooja,3775.0,September
53,2025-04-25,Unknown,East,Electronics,Mobile,6.0,37598.0,Priya,225588.0,April
54,2025-12-01,Emma,North,Groceries,Milk,7.0,710.0,Sneha,4970.0,December
55,2025-01-01,Ava,East,Clothing,T-Shirt,3.0,1319.0,Sneha,3957.0,January
56,2025-08-04,Daniel,South,Furniture,Sofa,5.0,5737.0,Amit,28685.0,August
57,2025-04-15,Olivia,South,Groceries,Milk,4.0,507.0,Ravi,2028.0,April
58,2025-06-06,Ava,West,Unknown,Bread,6.0,760.0,Sneha,4560.0,June
59,2025-11-20,James,West,Electronics,Monitor,4.0,36522.0,Rahul,146088.0,November
60,2025-04-18,Michael,North,Clothing,T-Shirt,10.0,718.0,Priya,7180.0,April
61,2025-03-05,Mia,East,Clothing,Jeans,4.0,2184.0,Sneha,8736.0,March
62,2025-11-25,Charlotte,South,Electronics,Laptop,6.0,9853.0,Unknown,59118.0,November
63,2025-12-05,Emma,South,Furniture,Chair,4.0,17512.0,Ravi,70048.0,December
64,2025-11-17,James,West,Furniture,Desk,8.0,17824.0,Pooja,142592.0,November
65,2025-05-27,Alice,East,Furniture,Sofa,6.0,12133.0,Rahul,72798.0,May
66,2025-07-02,Mia,North,Clothing,Jeans,4.0,4161.0,Ravi,16644.0,July
67,2025-05-20,Unknown,North,Groceries,Bread,7.0,423.0,Priya,2961.0,May
68,2025-10-24,Noah,North,Clothing,Unknown,5.0,1805.0,Sneha,9025.0,October
69,2025-05-26,Michael,West,Electronics,Headphones,1.0,28740.0,Amit,28740.0,May
70,2025-02-05,Emma,West,Groceries,Eggs,7.0,829.0,Pooja,5803.0,February
71,2025-03-16,Emma,South,Unknown,Sofa,5.0,17729.0,Ravi,88645.0,March
72,2025-11-17,Noah,East,Groceries,Milk,2.0,691.0,Pooja,1382.0,November
73,2025-04-05,Emma,South,Groceries,Milk,6.0,4511.0,Sneha,27066.0,April
74,2025-09-19,Charlotte,North,Groceries,Eggs,9.0,827.0,Kiran,7443.0,September
75,2025-07-12,Charlotte,East,Groceries,Oil,6.0,367.0,Kiran,2202.0,July
76,2025-03-09,William,South,Electronics,Unknown,1.0,38012.0,Sneha,38012.0,March
77,2025-01-21,William,East,Groceries,Unknown,8.0,550.0,Ravi,4400.0,January
78,2025-11-17,David,South,Clothing,Jeans,2.0,1155.0,Kiran,2310.0,November
79,2025-10-27,Alice,West,Unknown,Jeans,10.0,1105.0,Unknown,11050.0,October
80,2025-12-16,Ava,East,Groceries,Rice,7.0,886.0,Kiran,6202.0,December
81,2025-10-27,Sophia,North,Electronics,Monitor,2.0,24269.0,Pooja,48538.0,October
82,2025-11-24,John,Unknown,Furniture,Unknown,2.0,4058.0,Amit,8116.0,November
83,2025-06-19,Ava,East,Furniture,Table,2.0,5243.0,Priya,10486.0,June
84,2025-07-02,Noah,West,Clothing,Shoes,6.0,3545.0,Sneha,21270.0,July
85,2025-11-06,Ava,East,Electronics,Headphones,2.0,9920.0,Pooja,19840.0,November
86,2025-12-12,Olivia,West,Furniture,Sofa,9.0,13061.0,Unknown,117549.0,December
87,2025-05-07,Mia,West,Clothing,Jacket,8.0,3313.0,Priya,26504.0,May
88,2025-12-07,David,North,Clothing,Jacket,1.0,4750.0,Pooja,4750.0,December
89,2025-10-22,Sophia,North,Electronics,Headphones,9.0,36707.0,Pooja,330363.0,October
90,2025-01-29,Ava,South,Electronics,Mobile,4.0,28821.0,Kiran,115284.0,January
91,2025-01-18,John,West,Clothing,Jeans,3.0,2133.0,Kiran,6399.0,January
92,2025-03-14,William,East,Clothing,Jeans,8.0,1088.0,Ravi,8704.0,March
93,2025-04-29,Emma,North,Groceries,Oil,6.0,814.0,Rahul,4884.0,April
94,2025-07-06,John,West,Clothing,Cap,6.0,743.0,Kiran,4458.0,July
95,2025-07-23,Olivia,South,Clothing,Jeans,4.0,3810.0,Sneha,15240.0,July
96,2025-05-28,John,East,Furniture,Cupboard,4.0,3932.0,Unknown,15728.0,May
97,2025-08-25,William,North,Furniture,Chair,4.0,6281.0,Ravi,25124.0,August
98,2025-09-16,Olivia,South,Electronics,Laptop,2.0,15668.0,Sneha,31336.0,September
99,2025-11-17,Olivia,West,Groceries,Rice,2.0,489.0,Pooja,978.0,November
100,2025-02-27,David,West,Groceries,Oil,4.0,124.0,Kiran,496.0,February
101,2025-11-17,Mia,East,Electronics,Laptop,4.0,49499.0,Sneha,197996.0,November
102,2025-12-01,Unknown,South,Groceries,Rice,2.0,632.0,Pooja,1264.0,December
103,2025-11-17,Noah,North,Furniture,Sofa,10.0,13714.0,Pooja,137140.0,November
104,2025-07-26,Emma,West,Unknown,Desk,2.0,7642.0,Amit,15284.0,July
105,2025-04-20,Liam,North,Clothing,Shoes,7.0,4303.0,Kiran,30121.0,April
106,2025-11-27,Noah,North,Electronics,Monitor,1.0,19438.0,Amit,19438.0,November
107,2025-07-10,James,West,Clothing,T-Shirt,6.0,2210.0,Rahul,13260.0,July
108,2025-07-10,Charlotte,East,Electronics,Headphones,4.0,4511.0,Ravi,18044.0,July
109,2025-10-12,Emma,West,Electronics,Mobile,6.0,33566.0,Pooja,201396.0,October
110,2025-05-23,Sophia,East,Clothing,Jacket,2.0,1023.0,Ravi,2046.0,May
111,2025-07-21,Charlotte,East,Furniture,Table,9.0,10027.0,Sneha,90243.0,July
112,2025-05-22,Ava,North,Unknown,Eggs,10.0,849.0,Unknown,8490.0,May
113,2025-06-11,Ava,North,Clothing,Jeans,8.0,4495.0,Ravi,35960.0,June
114,2025-12-05,Liam,West,Clothing,Unknown,4.0,3387.0,Ravi,13548.0,December
115,2025-12-31,Mia,East,Groceries,Oil,3.0,257.0,Kiran,771.0,December
116,2025-11-08,Emma,East,Clothing,Shoes,3.0,3937.0,Sneha,11811.0,November
117,2025-02-16,Noah,West,Groceries,Milk,5.0,4511.0,Ravi,22555.0,February
118,2025-12-23,James,West,Clothing,Shoes,4.0,4560.0,Priya,18240.0,December
119,2025-03-26,Ava,South,Unknown,Keyboard,8.0,16909.0,Kiran,135272.0,March
120,2025-08-16,Unknown,North,Groceries,Bread,6.0,605.0,Sneha,3630.0,August
121,2025-04-15,Sophia,West,Furniture,Desk,9.0,8005.0,Priya,72045.0,April
122,2025-11-10,Olivia,East,Groceries,Eggs,7.0,325.0,Amit,2275.0,November
123,2025-03-05,Michael,South,Furniture,Cupboard,6.0,11380.0,Sneha,68280.0,March
124,2025-07-22,Noah,East,Groceries,Oil,2.0,738.0,Ravi,1476.0,July
125,2025-03-24,Daniel,West,Unknown,Laptop,4.0,28737.0,Priya,114948.0,March
126,2025-04-07,Charlotte,East,Electronics,Mobile,7.0,5592.0,Priya,39144.0,April
127,2025-12-11,David,North,Electronics,Mobile,6.0,39021.0,Amit,234126.0,December
128,2025-06-16,David,East,Clothing,T-Shirt,6.0,1514.0,Pooja,9084.0,June
129,2025-11-21,Daniel,South,Electronics,Keyboard,5.0,47671.0,Rahul,238355.0,November
130,2025-08-24,Ava,West,Groceries,Oil,9.0,427.0,Kiran,3843.0,August
131,2025-10-24,Unknown,North,Electronics,Headphones,10.0,15156.0,Amit,151560.0,October
132,2025-03-06,David,Unknown,Electronics,Keyboard,6.0,10140.0,Priya,60840.0,March
133,2025-02-08,Noah,North,Unknown,Table,2.0,5607.0,Pooja,11214.0,February
134,2025-10-20,Sophia,North,Groceries,Rice,6.0,310.0,Unknown,1860.0,October
135,2025-06-16,Sophia,South,Groceries,Oil,6.0,182.0,Kiran,1092.0,June
136,2025-05-22,Noah,South,Furniture,Table,7.0,9723.0,Kiran,68061.0,May
137,2025-08-24,Liam,South,Clothing,Cap,1.0,1440.0,Priya,1440.0,August
138,2025-05-12,Liam,East,Clothing,Unknown,3.0,4687.0,Pooja,14061.0,May
139,2025-03-19,Emma,East,Groceries,Eggs,10.0,359.0,Pooja,3590.0,March
140,2025-12-04,John,East,Furniture,Sofa,2.0,2009.0,Amit,4018.0,December
141,2025-06-28,James,North,Furniture,Sofa,7.0,18409.0,Unknown,128863.0,June
142,2025-09-08,William,East,Clothing,Shoes,5.0,3687.0,Priya,18435.0,September
143,2025-01-12,Emma,West,Clothing,Jacket,5.0,3631.0,Ravi,18155.0,January
144,2025-05-21,Sophia,Unknown,Groceries,Oil,5.0,838.0,Amit,4190.0,May
145,2025-11-27,Charlotte,West,Furniture,Table,9.0,17474.0,Rahul,157266.0,November
146,2025-01-30,Noah,Unknown,Clothing,Jacket,6.0,4618.0,Priya,27708.0,January
147,2025-09-29,Michael,North,Clothing,T-Shirt,6.0,2605.0,Priya,15630.0,September
148,2025-10-04,Olivia,East,Furniture,Table,10.0,6191.0,Sneha,61910.0,October
149,2025-03-24,James,South,Electronics,Headphones,6.0,7849.0,Pooja,47094.0,March
150,2025-06-26,Daniel,East,Furniture,Chair,4.0,2898.0,Kiran,11592.0,June
151,2025-10-16,Mia,Unknown,Electronics,Headphones,9.0,26231.0,Unknown,236079.0,October
152,2025-02-22,Liam,East,Groceries,Oil,10.0,121.0,Sneha,1210.0,February
153,2025-02-17,Emma,South,Electronics,Mobile,4.0,5422.0,Kiran,21688.0,February
154,2025-01-08,Noah,South,Groceries,Rice,6.0,447.0,Kiran,2682.0,January
155,2025-07-10,Emma,East,Furniture,Chair,5.0,7323.0,Kiran,36615.0,July
156,2025-12-20,John,East,Electronics,Headphones,10.0,11138.0,Rahul,111380.0,December
157,2025-03-03,John,East,Electronics,Mobile,8.0,32816.0,Sneha,262528.0,March
158,2025-03-28,Mia,Unknown,Groceries,Milk,9.0,470.0,Priya,4230.0,March
159,2025-08-14,Mia,East,Groceries,Bread,1.0,506.0,Sneha,506.0,August
160,2025-12-15,Charlotte,North,Electronics,Monitor,9.0,27172.0,Priya,244548.0,December
161,2025-11-29,Noah,West,Electronics,Keyboard,2.0,22074.0,Pooja,44148.0,November
162,2025-05-02,William,West,Electronics,Laptop,4.0,49340.0,Amit,197360.0,May
163,2025-01-14,Alice,West,Groceries,Rice,4.0,645.0,Pooja,2580.0,January
164,2025-12-30,Michael,West,Electronics,Headphones,6.0,8287.0,Priya,49722.0,December
165,2025-09-17,Noah,West,Groceries,Bread,6.0,159.0,Pooja,954.0,September
166,2025-04-29,James,West,Clothing,Cap,8.0,4511.0,Unknown,36088.0,April
167,2025-11-07,Alice,North,Furniture,Cupboard,9.0,3299.0,Ravi,29691.0,November
168,2025-03-21,Sophia,East,Groceries,Eggs,10.0,554.0,Pooja,5540.0,March
169,2025-07-13,Daniel,East,Clothing,T-Shirt,10.0,2739.0,Priya,27390.0,July
170,2025-12-27,Daniel,East,Electronics,Mobile,4.0,35702.0,Kiran,142808.0,December
171,2025-06-23,Ava,South,Electronics,Headphones,1.0,17076.0,Priya,17076.0,June
172,2025-11-17,David,North,Groceries,Bread,2.0,4511.0,Sneha,9022.0,November
173,2025-06-02,William,Unknown,Clothing,Jacket,4.0,4511.0,Sneha,18044.0,June
174,2025-12-31,Noah,North,Groceries,Eggs,6.0,281.0,Rahul,1686.0,December
175,2025-06-12,Sophia,East,Unknown,Jacket,4.0,3952.0,Amit,15808.0,June
176,2025-08-10,Emma,North,Electronics,Headphones,6.0,25836.0,Priya,155016.0,August
177,2025-07-06,John,West,Clothing,Cap,1.0,4915.0,Ravi,4915.0,July
178,2025-09-30,William,West,Groceries,Bread,1.0,988.0,Pooja,988.0,September
179,2025-03-14,Noah,East,Clothing,Shoes,6.0,3207.0,Kiran,19242.0,March
180,2025-11-27,Noah,West,Unknown,Laptop,6.0,41333.0,Priya,247998.0,November
181,2025-02-02,Unknown,South,Clothing,T-Shirt,10.0,3982.0,Kiran,39820.0,February
182,2025-08-06,Sophia,West,Furniture,Cupboard,8.0,7149.0,Sneha,57192.0,August
183,2025-08-20,Liam,West,Furniture,Sofa,8.0,9426.0,Rahul,75408.0,August
184,2025-09-29,David,West,Groceries,Eggs,8.0,797.0,Sneha,6376.0,September
185,2025-03-16,Sophia,North,Groceries,Rice,8.0,155.0,Pooja,1240.0,March
186,2025-07-31,Olivia,East,Furniture,Table,6.0,5445.0,Sneha,32670.0,July
187,2025-11-17,William,South,Clothing,Cap,9.0,4511.0,Sneha,40599.0,November
188,2025-11-13,Mia,East,Groceries,Bread,1.0,969.0,Pooja,969.0,November
189,2025-04-30,David,South,Furniture,Cupboard,3.0,4511.0,Sneha,13533.0,April
190,2025-07-02,Daniel,South,Clothing,Unknown,4.0,4717.0,Priya,18868.0,July
191,2025-11-01,Mia,East,Furniture,Sofa,7.0,8586.0,Amit,60102.0,November
192,2025-02-02,Olivia,West,Groceries,Oil,8.0,564.0,Amit,4512.0,February
193,2025-01-25,Ava,East,Electronics,Headphones,3.0,28972.0,Kiran,86916.0,January
194,2025-04-15,David,North,Clothing,Shoes,6.0,905.0,Priya,5430.0,April
195,2025-06-10,Noah,East,Groceries,Eggs,1.0,740.0,Ravi,740.0,June
196,2025-11-17,John,Unknown,Groceries,Bread,6.0,471.0,Ravi,2826.0,November
197,2025-09-17,Ava,North,Furniture,Table,7.0,10769.0,Sneha,75383.0,September
198,2025-12-24,Mia,East,Clothing,Jeans,7.0,718.0,Amit,5026.0,December
199,2025-02-16,Charlotte,East,Furniture,Sofa,7.0,19439.0,Kiran,136073.0,February
200,2025-08-26,John,South,Electronics,Laptop,1.0,36254.0,Ravi,36254.0,August
201,2025-02-22,James,North,Electronics,Monitor,1.0,41387.0,Kiran,41387.0,February
202,2025-03-19,Alice,East,Groceries,Rice,4.0,300000.0,Amit,1200000.0,March
203,2025-12-16,Mia,South,Furniture,Chair,6.0,4614.0,Kiran,27684.0,December
204,2025-01-24,John,North,Unknown,Sofa,2.0,16710.0,Rahul,33420.0,January
205,2025-01-09,David,South,Electronics,Keyboard,5.0,37400.0,Kiran,187000.0,January
206,2025-09-12,Sophia,South,Groceries,Bread,10.0,590.0,Priya,5900.0,September
207,2025-11-17,James,West,Furniture,Chair,8.0,9195.0,Amit,73560.0,November
208,2025-06-01,Alice,South,Furniture,Cupboard,9.0,13165.0,Pooja,118485.0,June
209,2025-02-10,James,North,Electronics,Keyboard,7.0,6807.0,Pooja,47649.0,February
210,2025-04-12,Unknown,North,Furniture,Desk,4.0,4104.0,Rahul,16416.0,April
211,2025-05-09,James,East,Clothing,Jacket,7.0,3983.0,Kiran,27881.0,May
212,2025-07-23,Liam,Unknown,Clothing,T-Shirt,3.0,4511.0,Pooja,13533.0,July
213,2025-12-25,Daniel,West,Clothing,Jacket,1.0,4511.0,Pooja,4511.0,December
214,2025-12-22,William,East,Electronics,Mobile,3.0,20634.0,Ravi,61902.0,December
215,2025-11-20,Alice,South,Groceries,Rice,1.0,239.0,Priya,239.0,November
216,2025-03-18,John,North,Electronics,Laptop,6.0,41152.0,Kiran,246912.0,March
217,2025-03-01,James,South,Groceries,Eggs,2.0,264.0,Pooja,528.0,March
218,2025-08-27,Charlotte,East,Furniture,Desk,1.0,3641.0,Sneha,3641.0,August
219,2025-01-14,Charlotte,East,Furniture,Cupboard,5.0,13218.0,Ravi,66090.0,January
220,2025-06-14,Emma,South,Groceries,Unknown,10.0,359.0,Pooja,3590.0,June
221,2025-02-27,Noah,East,Furniture,Chair,6.0,7368.0,Kiran,44208.0,February
222,2025-02-24,Charlotte,South,Groceries,Bread,7.0,329.0,Ravi,2303.0,February
223,2025-04-26,James,East,Clothing,Unknown,3.0,4672.0,Amit,14016.0,April
224,2025-12-13,James,West,Clothing,Jacket,8.0,4511.0,Unknown,36088.0,December
225,2025-03-13,William,East,Clothing,Jacket,4.0,3027.0,Amit,12108.0,March
226,2025-12-08,David,West,Furniture,Desk,6.0,3097.0,Rahul,18582.0,December
227,2025-11-15,Sophia,South,Electronics,Keyboard,3.0,49015.0,Amit,147045.0,November
228,2025-09-02,Liam,East,Unknown,Shoes,6.0,4511.0,Pooja,27066.0,September
229,2025-03-20,John,West,Furniture,Table,3.0,15132.0,Unknown,45396.0,March
230,2025-08-09,Noah,North,Groceries,Milk,10.0,387.0,Kiran,3870.0,August
231,2025-10-20,John,South,Clothing,T-Shirt,2.0,3805.0,Priya,7610.0,October
232,2025-09-11,John,West,Groceries,Bread,9.0,805.0,Kiran,7245.0,September
233,2025-11-18,David,South,Clothing,Jacket,8.0,2466.0,Ravi,19728.0,November
234,2025-11-25,Alice,West,Clothing,Cap,4.0,1762.0,Priya,7048.0,November
235,2025-10-07,Olivia,South,Groceries,Milk,5.0,834.0,Pooja,4170.0,October
236,2025-09-05,Emma,South,Groceries,Eggs,6.0,277.0,Pooja,1662.0,September
237,2025-09-25,Michael,West,Electronics,Keyboard,7.0,34142.0,Amit,238994.0,September
238,2025-10-19,Mia,West,Electronics,Laptop,5.0,200000.0,Ravi,1000000.0,October
239,2025-09-01,Michael,North,Furniture,Cupboard,5.0,9355.0,Amit,46775.0,September
240,2025-11-20,David,East,Electronics,Mobile,4.0,34430.0,Kiran,137720.0,November
241,2025-11-17,Olivia,North,Furniture,Desk,8.0,4511.0,Rahul,36088.0,November
242,2025-12-06,William,South,Clothing,Shoes,3.0,1586.0,Priya,4758.0,December
243,2025-01-30,John,West,Groceries,Bread,10.0,4511.0,Rahul,45110.0,January
244,2025-08-04,David,North,Clothing,Cap,8.0,3655.0,Sneha,29240.0,August
245,2025-11-17,Charlotte,West,Furniture,Chair,3.0,10434.0,Kiran,31302.0,November
246,2025-11-07,Charlotte,North,Electronics,Keyboard,3.0,11770.0,Ravi,35310.0,November
247,2025-02-19,John,South,Furniture,Table,10.0,17230.0,Rahul,172300.0,February
248,2025-06-25,Charlotte,South,Groceries,Oil,9.0,742.0,Priya,6678.0,June
249,2025-09-17,James,North,Furniture,Chair,10.0,7769.0,Unknown,77690.0,September
250,2025-04-23,Sophia,South,Groceries,Eggs,8.0,88.0,Amit,704.0,April
251,2025-07-18,James,North,Electronics,Monitor,6.0,49213.0,Pooja,295278.0,July
252,2025-09-22,Mia,East,Groceries,Rice,5.0,988.0,Pooja,4940.0,September
253,2025-12-07,Mia,South,Groceries,Milk,3.0,628.0,Kiran,1884.0,December
254,2025-11-09,Mia,Unknown,Clothing,Jacket,9.0,3453.0,Priya,31077.0,November
255,2025-11-17,Alice,Unknown,Electronics,Laptop,9.0,15008.0,Pooja,135072.0,November
256,2025-12-27,Michael,South,Electronics,Monitor,6.0,38373.0,Amit,230238.0,December
257,2025-10-22,William,North,Groceries,Rice,4.0,440.0,Sneha,1760.0,October
258,2025-03-25,Noah,South,Unknown,Cupboard,9.0,18194.0,Kiran,163746.0,March
259,2025-07-07,Noah,East,Clothing,Jeans,3.0,1288.0,Pooja,3864.0,July
260,2025-11-23,Liam,East,Furniture,Desk,7.0,2131.0,Pooja,14917.0,November
261,2025-12-15,David,North,Furniture,Desk,1.0,7076.0,Ravi,7076.0,December
262,2025-03-01,Michael,East,Clothing,Shoes,10.0,487.0,Kiran,4870.0,March
263,2025-07-28,John,West,Furniture,Chair,8.0,5651.0,Unknown,45208.0,July
264,2025-10-14,Daniel,South,Clothing,Shoes,6.0,4371.0,Priya,26226.0,October
265,2025-04-04,Mia,North,Unknown,Desk,6.0,4050.0,Rahul,24300.0,April
266,2025-07-26,Olivia,Unknown,Groceries,Milk,6.0,863.0,Pooja,5178.0,July
267,2025-12-21,Daniel,East,Electronics,Monitor,7.0,37509.0,Priya,262563.0,December
268,2025-11-17,Charlotte,South,Electronics,Monitor,7.0,13768.0,Amit,96376.0,November
269,2025-09-07,Noah,South,Electronics,Headphones,4.0,13304.0,Unknown,53216.0,September
270,2025-02-27,Unknown,South,Furniture,Table,4.0,12800.0,Ravi,51200.0,February
271,2025-02-24,Sophia,South,Electronics,Laptop,10.0,4511.0,Sneha,45110.0,February
272,2025-04-09,Sophia,Unknown,Electronics,Laptop,5.0,29291.0,Rahul,146455.0,April
273,2025-01-27,Olivia,North,Clothing,Cap,8.0,1284.0,Rahul,10272.0,January
274,2025-03-08,Daniel,East,Electronics,Laptop,4.0,22802.0,Amit,91208.0,March
275,2025-10-28,Olivia,Unknown,Electronics,Keyboard,5.0,8028.0,Pooja,40140.0,October
276,2025-01-22,Liam,Unknown,Electronics,Laptop,3.0,42187.0,Ravi,126561.0,January
277,2025-10-03,Liam,South,Groceries,Milk,4.0,764.0,Rahul,3056.0,October
278,2025-11-17,William,East,Groceries,Bread,7.0,221.0,Ravi,1547.0,November
279,2025-08-03,David,Unknown,Furniture,Chair,9.0,16610.0,Kiran,149490.0,August
280,2025-01-04,Noah,South,Electronics,Monitor,10.0,16594.0,Priya,165940.0,January
281,2025-07-14,Daniel,East,Groceries,Milk,2.0,651.0,Sneha,1302.0,July
282,2025-04-27,David,South,Clothing,T-Shirt,3.0,4511.0,Priya,13533.0,April
283,2025-11-17,Daniel,North,Groceries,Oil,8.0,144.0,Sneha,1152.0,November
284,2025-01-26,Ava,South,Electronics,Headphones,10.0,47043.0,Pooja,470430.0,January
285,2025-07-01,David,West,Clothing,Jacket,7.0,1640.0,Kiran,11480.0,July
286,2025-04-30,Mia,South,Electronics,Monitor,6.0,500000.0,Sneha,3000000.0,April
287,2025-07-31,John,South,Clothing,Jacket,4.0,3310.0,Amit,13240.0,July
288,2025-08-06,William,West,Groceries,Milk,6.0,110.0,Sneha,660.0,August
289,2025-12-19,Sophia,West,Groceries,Eggs,8.0,847.0,Unknown,6776.0,December
290,2025-02-28,Charlotte,North,Electronics,Laptop,9.0,25627.0,Ravi,230643.0,February
291,2025-08-07,James,East,Clothing,T-Shirt,2.0,4511.0,Kiran,9022.0,August
292,2025-10-31,Ava,West,Furniture,Chair,6.0,750000.0,Unknown,4500000.0,October
293,2025-03-28,Sophia,West,Clothing,Jeans,5.0,1713.0,Priya,8565.0,March
294,2025-04-13,Daniel,South,Electronics,Headphones,9.0,46210.0,Rahul,415890.0,April
295,2025-01-02,David,South,Groceries,Milk,10.0,384.0,Rahul,3840.0,January
296,2025-09-12,Unknown,East,Furniture,Cupboard,5.0,12403.0,Rahul,62015.0,September
297,2025-10-22,Mia,West,Furniture,Desk,6.0,14925.0,Amit,89550.0,October
298,2025-11-17,James,North,Furniture,Table,6.0,13181.0,Rahul,79086.0,November
299,2025-04-23,Ava,North,Furniture,Sofa,2.0,6797.0,Rahul,13594.0,April
300,2025-07-26,Alice,North,Clothing,Jeans,4.0,4732.0,Pooja,18928.0,July
301,2025-07-15,William,Unknown,Groceries,Milk,2.0,657.0,Priya,1314.0,July
302,2025-11-26,Noah,East,Furniture,Chair,8.0,13121.0,Rahul,104968.0,November
303,2025-01-02,Daniel,West,Furniture,Unknown,6.0,11289.0,Amit,67734.0,January
304,2025-09-02,Noah,North,Electronics,Headphones,3.0,30857.0,Pooja,92571.0,September
305,2025-09-27,Daniel,East,Furniture,Chair,9.0,19328.0,Kiran,173952.0,September
306,2025-09-10,Unknown,West,Groceries,Bread,6.0,595.0,Priya,3570.0,September
307,2025-09-23,Daniel,North,Clothing,Jeans,7.0,1139.0,Priya,7973.0,September
308,2025-02-13,William,North,Furniture,Cupboard,6.0,4511.0,Priya,27066.0,February
309,2025-12-13,Charlotte,South,Groceries,Oil,4.0,388.0,Pooja,1552.0,December
310,2025-09-03,Charlotte,North,Clothing,T-Shirt,2.0,1676.0,Sneha,3352.0,September
311,2025-06-16,Noah,West,Electronics,Mobile,10.0,20843.0,Kiran,208430.0,June
312,2025-04-24,Olivia,East,Electronics,Keyboard,2.0,28988.0,Sneha,57976.0,April
313,2025-02-21,Charlotte,North,Furniture,Chair,1.0,2379.0,Amit,2379.0,February
314,2025-01-30,Unknown,South,Groceries,Unknown,2.0,377.0,Pooja,754.0,January
315,2025-11-27,Sophia,East,Groceries,Oil,10.0,583.0,Pooja,5830.0,November
316,2025-12-13,Ava,West,Furniture,Desk,9.0,9858.0,Pooja,88722.0,December
317,2025-05-05,John,East,Electronics,Monitor,5.0,17177.0,Kiran,85885.0,May
318,2025-11-17,Sophia,North,Clothing,T-Shirt,5.0,2628.0,Kiran,13140.0,November
319,2025-07-05,Sophia,West,Clothing,Shoes,7.0,2206.0,Sneha,15442.0,July
320,2025-10-25,David,North,Groceries,Milk,10.0,420.0,Kiran,4200.0,October
321,2025-06-18,Unknown,East,Clothing,T-Shirt,3.0,4683.0,Sneha,14049.0,June
322,2025-10-07,Noah,West,Clothing,Shoes,2.0,2497.0,Kiran,4994.0,October
323,2025-11-12,Michael,South,Clothing,Cap,9.0,2735.0,Pooja,24615.0,November
324,2025-08-25,Daniel,South,Groceries,Rice,7.0,624.0,Kiran,4368.0,August
325,2025-04-09,Emma,East,Clothing,Jacket,9.0,1529.0,Pooja,13761.0,April
326,2025-10-19,Liam,South,Groceries,Milk,6.0,559.0,Amit,3354.0,October
327,2025-06-18,Olivia,South,Electronics,Monitor,1.0,26642.0,Rahul,26642.0,June
328,2025-05-27,Emma,South,Furniture,Table,2.0,8510.0,Priya,17020.0,May
329,2025-10-05,Unknown,South,Groceries,Unknown,5.0,258.0,Sneha,1290.0,October
330,2025-03-06,John,West,Furniture,Table,7.0,5808.0,Ravi,40656.0,March
331,2025-08-24,Mia,East,Electronics,Headphones,9.0,34587.0,Priya,311283.0,August
332,2025-11-17,Michael,East,Groceries,Bread,6.0,298.0,Sneha,1788.0,November
333,2025-06-17,Olivia,West,Electronics,Laptop,5.0,26252.0,Pooja,131260.0,June
334,2025-03-27,Liam,West,Furniture,Cupboard,6.0,5877.0,Unknown,35262.0,March
335,2025-05-19,Emma,East,Furniture,Table,4.0,16676.0,Ravi,66704.0,May
336,2025-03-07,Michael,South,Clothing,Jacket,9.0,4679.0,Amit,42111.0,March
337,2025-04-24,David,Unknown,Clothing,Jacket,2.0,3093.0,Amit,6186.0,April
338,2025-10-13,Unknown,South,Clothing,T-Shirt,7.0,3159.0,Kiran,22113.0,October
339,2025-08-07,Mia,North,Furniture,Unknown,6.0,9500.0,Rahul,57000.0,August
340,2025-09-28,Michael,West,Furniture,Unknown,4.0,4276.0,Kiran,17104.0,September
341,2025-06-30,Daniel,South,Groceries,Milk,4.0,563.0,Rahul,2252.0,June
342,2025-01-23,Liam,West,Electronics,Mobile,2.0,38788.0,Sneha,77576.0,January
343,2025-09-06,Olivia,South,Furniture,Table,3.0,12446.0,Amit,37338.0,September
344,2025-03-12,William,North,Clothing,Jeans,3.0,1062.0,Amit,3186.0,March
345,2025-08-18,Sophia,East,Clothing,T-Shirt,4.0,4822.0,Kiran,19288.0,August
346,2025-04-02,Charlotte,East,Clothing,Shoes,3.0,4894.0,Amit,14682.0,April
347,2025-06-15,Ava,East,Furniture,Desk,6.0,9865.0,Amit,59190.0,June
348,2025-07-08,Charlotte,East,Electronics,Keyboard,8.0,20276.0,Ravi,162208.0,July
349,2025-05-13,David,South,Groceries,Eggs,4.0,454.0,Unknown,1816.0,May
350,2025-04-27,David,North,Groceries,Bread,5.0,250000.0,Ravi,1250000.0,April
351,2025-01-03,Mia,South,Furniture,Desk,5.0,17574.0,Sneha,87870.0,January
352,2025-11-17,John,North,Furniture,Table,9.0,12013.0,Priya,108117.0,November
353,2025-06-30,Sophia,West,Groceries,Milk,7.0,909.0,Ravi,6363.0,June
354,2025-07-03,Emma,East,Clothing,Unknown,2.0,519.0,Amit,1038.0,July
355,2025-10-29,William,East,Groceries,Rice,9.0,754.0,Sneha,6786.0,October
356,2025-04-14,John,North,Electronics,Unknown,6.0,19885.0,Ravi,119310.0,April
357,2025-07-28,Michael,North,Clothing,Cap,3.0,2230.0,Rahul,6690.0,July
358,2025-12-13,Mia,East,Electronics,Headphones,9.0,15372.0,Amit,138348.0,December
359,2025-01-27,William,South,Groceries,Bread,10.0,517.0,Rahul,5170.0,January
360,2025-08-14,William,North,Clothing,Shoes,5.0,3252.0,Sneha,16260.0,August
361,2025-12-15,Noah,West,Groceries,Oil,1.0,232.0,Amit,232.0,December
362,2025-03-29,Noah,West,Groceries,Rice,8.0,210.0,Pooja,1680.0,March
363,2025-07-18,Liam,West,Electronics,Headphones,5.0,35916.0,Pooja,179580.0,July
364,2025-05-14,Alice,North,Groceries,Unknown,4.0,258.0,Kiran,1032.0,May
365,2025-08-29,Emma,West,Groceries,Bread,9.0,606.0,Priya,5454.0,August
366,2025-06-30,John,South,Groceries,Oil,6.0,356.0,Ravi,2136.0,June
367,2025-05-17,Unknown,East,Groceries,Oil,4.0,919.0,Ravi,3676.0,May
368,2025-02-16,Olivia,Unknown,Electronics,Monitor,10.0,46899.0,Unknown,468990.0,February
369,2025-02-14,Noah,West,Electronics,Mobile,3.0,41991.0,Ravi,125973.0,February
370,2025-07-08,James,East,Furniture,Table,4.0,8869.0,Amit,35476.0,July
371,2025-04-20,Liam,West,Furniture,Chair,2.0,11114.0,Amit,22228.0,April
372,2025-06-18,Alice,South,Unknown,Oil,2.0,445.0,Pooja,890.0,June
373,2025-03-29,Mia,North,Unknown,Cap,6.0,4828.0,Sneha,28968.0,March
374,2025-12-29,Unknown,North,Furniture,Table,2.0,16907.0,Pooja,33814.0,December
375,2025-03-30,James,North,Electronics,Headphones,3.0,18165.0,Pooja,54495.0,March
376,2025-03-02,Alice,East,Clothing,Shoes,10.0,4788.0,Pooja,47880.0,March
377,2025-05-28,Sophia,South,Groceries,Bread,5.0,93.0,Amit,465.0,May
378,2025-11-04,Charlotte,South,Clothing,Jeans,8.0,4068.0,Amit,32544.0,November
379,2025-05-14,Daniel,North,Furniture,Sofa,10.0,6037.0,Pooja,60370.0,May
380,2025-02-16,Olivia,South,Furniture,Chair,4.0,6499.0,Sneha,25996.0,February
381,2025-09-22,Liam,East,Clothing,Jeans,7.0,1412.0,Pooja,9884.0,September
382,2025-04-19,Michael,East,Electronics,Headphones,10.0,42657.0,Rahul,426570.0,April
383,2025-12-28,Emma,North,Furniture,Sofa,1.0,17910.0,Rahul,17910.0,December
384,2025-10-30,Olivia,North,Furniture,Table,1.0,15775.0,Priya,15775.0,October
385,2025-11-06,Mia,North,Groceries,Rice,7.0,506.0,Priya,3542.0,November
386,2025-06-30,Olivia,West,Groceries,Milk,8.0,282.0,Kiran,2256.0,June
387,2025-03-17,Daniel,West,Clothing,Cap,9.0,4824.0,Priya,43416.0,March
388,2025-04-28,John,West,Clothing,Jeans,7.0,1605.0,Amit,11235.0,April
389,2025-09-27,John,South,Clothing,Jacket,4.0,2566.0,Kiran,10264.0,September
390,2025-08-11,Liam,West,Electronics,Mobile,9.0,46713.0,Ravi,420417.0,August
391,2025-01-28,Alice,North,Groceries,Oil,6.0,769.0,Ravi,4614.0,January
392,2025-10-24,Noah,South,Furniture,Chair,10.0,9835.0,Pooja,98350.0,October
393,2025-09-12,Emma,South,Groceries,Rice,5.0,616.0,Sneha,3080.0,September
394,2025-11-21,James,East,Clothing,Shoes,6.0,2766.0,Ravi,16596.0,November
395,2025-04-27,James,West,Groceries,Milk,3.0,282.0,Unknown,846.0,April
396,2025-06-23,Olivia,North,Furniture,Desk,4.0,17428.0,Sneha,69712.0,June
397,2025-08-08,Ava,North,Clothing,Unknown,7.0,4924.0,Amit,34468.0,August
398,2025-08-09,James,South,Furniture,Desk,3.0,3609.0,Ravi,10827.0,August
399,2025-03-13,Noah,North,Furniture,Table,9.0,15567.0,Pooja,140103.0,March
400,2025-06-28,Ava,East,Groceries,Eggs,7.0,840.0,Pooja,5880.0,June
401,2025-09-24,Charlotte,West,Clothing,Shoes,4.0,4042.0,Sneha,16168.0,September
402,2025-02-13,Liam,North,Furniture,Cupboard,3.0,3753.0,Ravi,11259.0,February
403,2025-11-17,Unknown,Unknown,Furniture,Cupboard,7.0,2285.0,Amit,15995.0,November
404,2025-10-21,Liam,North,Electronics,Headphones,6.0,6870.0,Priya,41220.0,October
405,2025-11-08,Liam,West,Groceries,Unknown,7.0,761.0,Pooja,5327.0,November
406,2025-12-25,Noah,West,Furniture,Chair,4.0,14541.0,Ravi,58164.0,December
407,2025-02-16,Ava,East,Furniture,Desk,4.0,2508.0,Ravi,10032.0,February
408,2025-12-08,Michael,West,Clothing,T-Shirt,6.0,1313.0,Amit,7878.0,December
409,2025-08-05,Sophia,North,Electronics,Keyboard,2.0,31122.0,Priya,62244.0,August
410,2025-04-15,David,North,Furniture,Chair,7.0,8401.0,Sneha,58807.0,April
411,2025-10-06,Alice,North,Clothing,Cap,9.0,1339.0,Sneha,12051.0,October
412,2025-09-01,James,North,Groceries,Rice,6.0,577.0,Ravi,3462.0,September
413,2025-04-13,David,North,Furniture,Table,6.0,8629.0,Amit,51774.0,April
414,2025-03-29,Ava,East,Electronics,Laptop,7.0,13082.0,Sneha,91574.0,March
415,2025-05-22,William,North,Furniture,Sofa,7.0,9505.0,Ravi,66535.0,May
416,2025-08-11,Unknown,North,Furniture,Desk,10.0,8621.0,Kiran,86210.0,August
417,2025-11-05,William,South,Electronics,Monitor,8.0,31613.0,Amit,252904.0,November
418,2025-01-02,Alice,South,Furniture,Desk,7.0,17897.0,Pooja,125279.0,January
419,2025-11-16,William,West,Electronics,Keyboard,7.0,33526.0,Ravi,234682.0,November
420,2025-05-10,Liam,South,Clothing,Jacket,3.0,3972.0,Unknown,11916.0,May
421,2025-11-17,Unknown,North,Groceries,Bread,1.0,967.0,Amit,967.0,November
422,2025-10-12,David,North,Groceries,Milk,7.0,646.0,Priya,4522.0,October
423,2025-02-14,David,East,Groceries,Oil,5.0,111.0,Rahul,555.0,February
424,2025-06-07,Olivia,East,Electronics,Headphones,7.0,19304.0,Sneha,135128.0,June
425,2025-07-15,David,East,Groceries,Unknown,1.0,696.0,Pooja,696.0,July
426,2025-12-23,Michael,South,Electronics,Monitor,8.0,34458.0,Rahul,275664.0,December
427,2025-01-15,Ava,South,Groceries,Rice,10.0,372.0,Rahul,3720.0,January
428,2025-11-17,David,North,Furniture,Unknown,3.0,18329.0,Priya,54987.0,November
429,2025-02-01,David,North,Groceries,Bread,9.0,901.0,Pooja,8109.0,February
430,2025-06-04,Noah,West,Groceries,Milk,10.0,809.0,Rahul,8090.0,June
431,2025-06-28,Mia,North,Unknown,Sofa,2.0,7379.0,Kiran,14758.0,June
432,2025-05-24,Michael,East,Clothing,Jacket,3.0,4511.0,Rahul,13533.0,May
433,2025-03-11,David,South,Clothing,Jacket,8.0,3343.0,Kiran,26744.0,March
434,2025-04-17,Olivia,South,Electronics,Mobile,6.0,21815.0,Priya,130890.0,April
435,2025-07-30,David,East,Clothing,T-Shirt,6.0,1717.0,Rahul,10302.0,July
436,2025-01-21,David,East,Furniture,Cupboard,2.0,10691.0,Amit,21382.0,January
437,2025-04-16,Emma,East,Clothing,Shoes,8.0,457.0,Amit,3656.0,April
438,2025-11-15,John,West,Electronics,Monitor,1.0,39744.0,Kiran,39744.0,November
439,2025-05-25,Michael,South,Clothing,Jeans,9.0,4100.0,Kiran,36900.0,May
440,2025-11-22,Daniel,West,Electronics,Monitor,3.0,4511.0,Sneha,13533.0,November
441,2025-10-15,Unknown,East,Groceries,Milk,7.0,930.0,Kiran,6510.0,October
442,2025-01-05,Mia,South,Furniture,Chair,7.0,19293.0,Pooja,135051.0,January
443,2025-12-11,David,West,Groceries,Rice,5.0,546.0,Sneha,2730.0,December
444,2025-09-20,Charlotte,West,Electronics,Headphones,2.0,14343.0,Sneha,28686.0,September
445,2025-07-28,James,West,Groceries,Eggs,7.0,434.0,Kiran,3038.0,July
446,2025-11-17,Mia,West,Furniture,Table,8.0,15387.0,Amit,123096.0,November
447,2025-04-16,Michael,East,Groceries,Oil,4.0,769.0,Sneha,3076.0,April
448,2025-11-01,John,West,Unknown,Mobile,5.0,43058.0,Unknown,215290.0,November
449,2025-08-03,Emma,West,Electronics,Headphones,1.0,29118.0,Amit,29118.0,August
450,2025-08-29,William,West,Electronics,Mobile,10.0,24353.0,Rahul,243530.0,August
451,2025-03-22,David,West,Electronics,Mobile,7.0,13846.0,Sneha,96922.0,March
452,2025-08-27,Daniel,North,Furniture,Desk,5.0,3680.0,Kiran,18400.0,August
453,2025-05-21,Unknown,West,Furniture,Sofa,5.0,2431.0,Kiran,12155.0,May
454,2025-12-28,John,East,Furniture,Chair,4.0,18972.0,Ravi,75888.0,December
455,2025-11-28,Liam,West,Clothing,Unknown,8.0,4089.0,Pooja,32712.0,November
456,2025-08-03,Daniel,West,Groceries,Bread,2.0,4511.0,Sneha,9022.0,August
457,2025-12-05,James,West,Clothing,T-Shirt,3.0,3901.0,Ravi,11703.0,December
458,2025-02-22,Olivia,West,Groceries,Oil,7.0,288.0,Kiran,2016.0,February
459,2025-09-14,Alice,North,Clothing,Jeans,5.0,4032.0,Pooja,20160.0,September
460,2025-05-19,Mia,North,Electronics,Unknown,6.0,23623.0,Rahul,141738.0,May
461,2025-05-03,Michael,East,Furniture,Cupboard,8.0,9878.0,Rahul,79024.0,May
462,2025-04-11,David,North,Furniture,Chair,3.0,17699.0,Amit,53097.0,April
463,2025-05-05,Mia,South,Groceries,Rice,8.0,225.0,Ravi,1800.0,May
464,2025-10-18,John,Unknown,Clothing,Cap,8.0,513.0,Sneha,4104.0,October
465,2025-11-16,Charlotte,West,Clothing,Shoes,6.0,1025.0,Ravi,6150.0,November
466,2025-06-01,Ava,East,Clothing,Cap,5.0,392.0,Amit,1960.0,June
467,2025-05-19,Ava,North,Furniture,Cupboard,7.0,11603.0,Pooja,81221.0,May
468,2025-07-13,Sophia,North,Furniture,Chair,6.0,16223.0,Amit,97338.0,July
469,2025-03-26,Sophia,North,Electronics,Keyboard,9.0,34078.0,Pooja,306702.0,March
470,2025-10-29,Daniel,West,Electronics,Mobile,9.0,38558.0,Kiran,347022.0,October
471,2025-08-14,Olivia,North,Unknown,Desk,9.0,10783.0,Sneha,97047.0,August
472,2025-11-26,Ava,East,Clothing,Shoes,6.0,3163.0,Sneha,18978.0,November
473,2025-06-23,Olivia,South,Groceries,Oil,6.0,960.0,Priya,5760.0,June
474,2025-12-07,Liam,East,Electronics,Mobile,2.0,14580.0,Kiran,29160.0,December
475,2025-08-16,Olivia,South,Unknown,Table,6.0,5848.0,Rahul,35088.0,August
476,2025-10-01,Noah,North,Furniture,Chair,8.0,12911.0,Kiran,103288.0,October
477,2025-09-11,Ava,East,Clothing,Jeans,2.0,4406.0,Pooja,8812.0,September
478,2025-04-24,Daniel,South,Furniture,Desk,8.0,5543.0,Kiran,44344.0,April
479,2025-02-04,James,South,Unknown,Eggs,5.0,79.0,Ravi,395.0,February
480,2025-09-05,Alice,South,Electronics,Keyboard,1.0,6037.0,Amit,6037.0,September
481,2025-01-02,Ava,East,Groceries,Eggs,9.0,767.0,Kiran,6903.0,January
482,2025-01-28,Charlotte,West,Groceries,Oil,8.0,551.0,Priya,4408.0,January
483,2025-11-17,William,Unknown,Furniture,Cupboard,6.0,17141.0,Kiran,102846.0,November
484,2025-12-23,Emma,South,Clothing,Jeans,6.0,397.0,Sneha,2382.0,December
485,2025-02-13,Daniel,West,Clothing,Cap,5.0,1996.0,Rahul,9980.0,February
486,2025-02-03,Sophia,East,Electronics,Laptop,8.0,17736.0,Sneha,141888.0,February
487,2025-08-19,Unknown,West,Clothing,Cap,6.0,736.0,Amit,4416.0,August
488,2025-07-26,Sophia,South,Furniture,Table,1.0,17918.0,Unknown,17918.0,July
489,2025-10-03,Liam,South,Groceries,Rice,10.0,178.0,Pooja,1780.0,October
490,2025-02-07,Olivia,North,Groceries,Rice,6.0,860.0,Pooja,5160.0,February
491,2025-04-23,Noah,North,Unknown,Jeans,7.0,374.0,Kiran,2618.0,April
492,2025-11-23,David,Unknown,Clothing,Jeans,6.0,1296.0,Kiran,7776.0,November
493,2025-07-14,Mia,North,Furniture,Table,7.0,9230.0,Rahul,64610.0,July
494,2025-04-18,David,North,Unknown,Rice,10.0,83.0,Sneha,830.0,April
495,2025-03-11,Alice,North,Electronics,Keyboard,9.0,45104.0,Sneha,405936.0,March
496,2025-11-17,Ava,South,Furniture,Desk,8.0,5923.0,Amit,47384.0,November
497,2025-12-09,Mia,South,Clothing,Jacket,1.0,2913.0,Unknown,2913.0,December
498,2025-09-22,John,East,Furniture,Desk,4.0,8308.0,Ravi,33232.0,September
499,2025-08-21,Liam,South,Electronics,Headphones,7.0,26969.0,Pooja,188783.0,August
500,2025-12-26,Mia,South,Clothing,T-Shirt,6.0,4171.0,Amit,25026.0,December
